,Spatial_w_percent,BoroCT2010
0,-0.350667441371,5000900
1,-0.763444518966,5012500
2,-0.244850507053,5013301
3,-1.33509872222,5019700
4,-0.999354291903,5006400
5,-1.10187663883,5007400
6,0.206637968285,1002202
7,-0.0407932257006,1003200
8,-1.39061746829,1006800
9,-1.0269536833,1008900
10,-0.972260648243,1009600
11,-1.3772203067,1009800
12,-1.25240892238,1010000
13,-1.68601559315,1010200
14,-1.42336981289,1010400
15,-1.2600312672,1011201
16,-1.25961583142,1011202
17,-1.23325758679,1011203
18,-0.969876407685,1011300
19,-1.41402637633,1011402
20,-1.19731851365,1013000
21,-0.911516699651,1014000
22,-1.03192085137,1014601
23,-0.853760792864,1014602
24,-1.04205387403,1014801
25,-1.02894055068,1014802
26,-1.20909521733,1015300
27,-1.00607351548,1015400
28,-0.346216858809,1015601
29,0.0652555955226,1015602
30,-1.12369605306,1016001
31,0.484727125344,1018400
32,0.222605155533,1019000
33,-1.17763046615,1020101
34,-0.199260936268,1020102
35,0.351550255864,1020600
36,0.251845647939,1021800
37,-0.275339887321,1022000
38,0.926570263885,1022900
39,0.706786627798,1023400
40,1.10762082723,1023900
41,1.04126668812,1024900
42,0.644384547965,1025300
43,0.330233149285,1025700
44,1.52599003349,1026100
45,0.579013005026,1026300
46,-1.16386689518,3000501
47,0.760143043083,3002000
48,-0.865981315916,3004100
49,-0.642260070194,3005201
50,0.0851139462036,3005202
51,-0.396213662039,3005800
52,-0.176574525422,3006000
53,-1.19486202347,3006500
54,-1.41840264511,3006700
55,-1.20497698366,3006900
56,1.36574016272,3007400
57,1.13642988555,3007600
58,1.43213765207,3007800
59,1.17687940531,3008000
60,1.43761056792,3009800
61,-0.250558234501,3010100
62,1.4095338122,3010200
63,1.20689193725,3010400
64,1.34419942623,3010800
65,1.45875444733,3011000
66,1.1448366561,3011400
67,-0.959038950292,3012100
68,0.221562695483,3012801
69,0.225278395237,3013000
70,-0.043165424787,3013200
71,-1.3539558982,3013300
72,-0.250578877399,3013600
73,-1.16303086291,3013700
74,-1.01985256845,3013900
75,-1.19796876123,3015100
76,-1.24750110233,3015300
77,-1.30323659754,3015500
78,-1.30952232272,3015700
79,-1.33011349192,3016500
80,-0.940832021813,3017000
81,-0.191530216692,3017200
82,0.237540204117,3017800
83,0.0369775727976,3018200
84,-0.403944381616,3018400
85,-0.326998434191,3018600
86,0.154690422688,3018800
87,0.298725392277,3019000
88,0.862149320711,3019200
89,0.936071101648,3019400
90,-0.630880739922,3019500
91,0.125016431991,3019600
92,-0.486417432878,3019700
93,-0.0332104459031,3019800
94,-0.551117053429,3020400
95,0.0551845011653,3020800
96,0.55510867042,3021000
97,0.707452357378,3021200
98,0.825240037425,3021400
99,0.543947809411,3021900
100,0.817622853002,3022000
101,0.310429846092,3022100
102,1.02732249291,3022200
103,-0.335451651153,3022700
104,-0.0385486681518,3022900
105,-0.39953714917,3023100
106,0.0281233699248,3023500
107,0.493613840528,3023600
108,0.655308705098,3023800
109,0.530533445519,3024000
110,0.652924464333,3024200
111,0.141613223853,3024500
112,0.412363874023,3024600
113,0.282789169,3024700
114,0.737601131632,3024800
115,0.0656890937079,3024900
116,0.577464796742,3025000
117,0.51499975652,3025200
118,0.695066691746,3025400
119,0.755384883152,3025600
120,0.409623545505,3025800
121,0.367321337003,3026000
122,0.727630670835,3026200
123,0.670770144399,3026300
124,0.453190124423,3026400
125,0.612753622058,3026600
126,0.298626306978,3026700
127,0.198943373546,3026800
128,0.289580642309,3026900
129,0.357557303807,3027000
130,0.587119423015,3027100
131,0.695667396259,3027200
132,-0.0132323675098,3027300
133,0.521877929486,3027400
134,0.618089779888,3027600
135,0.483715629429,3027800
136,0.629678118406,3027900
137,0.417813567029,3028400
138,0.651623969628,3028501
139,0.615282362366,3028800
140,0.626986816501,3029000
141,0.721922943386,3029100
142,0.374154095818,3029300
143,0.368603769321,3029600
144,0.573501383612,3029700
145,0.402059000472,3029800
146,0.570169639675,3030000
147,0.353507191372,3030200
148,-0.234566964233,3030500
149,0.850259081576,3030900
150,0.740522084393,3031701
151,0.608057390822,3032300
152,0.308148819351,3032600
153,0.717840834319,3032900
154,0.613630940261,3033100
155,0.623143131518,3033300
156,0.745151227039,3033500
157,0.522918325489,3033700
158,0.893485054729,3033900
159,0.744609354019,3034100
160,-0.0601368833266,3034200
161,0.726402425579,3036300
162,0.702126520996,3036502
163,0.311544555967,3038800
164,0.478528099684,3039600
165,0.817783866281,3039700
166,0.891565276327,3039900
167,0.878473628148,3040100
168,0.594185445224,3040400
169,0.647722484767,3040600
170,0.564129563379,3040800
171,0.532845436326,3042600
172,0.516697624562,3042700
173,0.525073431213,3042800
174,0.95156144062,3042900
175,0.645013120513,3043000
176,1.29229110141,3043100
177,0.732409473579,3043200
178,1.11210753483,3043300
179,0.938903290567,3043400
180,1.18489912353,3043500
181,0.673407259031,3043600
182,0.792380866181,3043700
183,1.12180705919,3043900
184,0.407434379043,3044000
185,1.08685625891,3044100
186,0.504090049357,3044200
187,1.06807133277,3044300
188,0.143925214771,3044400
189,0.40749217898,3044600
190,-0.0872119483159,3045200
191,0.126169847125,3045400
192,0.16749926527,3045600
193,0.241070118806,3045800
194,0.194023168025,3046000
195,0.322111076982,3046400
196,0.439302696597,3047000
197,0.275058449523,3047200
198,0.36911312998,3047400
199,0.842951538949,3047600
200,-0.257291908281,3048100
201,0.229324379194,3049500
202,-0.517882184027,3049900
203,-0.0118451728098,3050300
204,0.615253462756,3050500
205,0.609977168947,3050700
206,1.1124326584,3050801
207,1.06305720251,3051001
208,0.535972816842,3051400
209,0.331918976018,3051601
210,0.832696207792,3051602
211,-0.822226887941,3051700
212,0.644161605965,3051800
213,0.102164878941,3052000
214,0.611091878924,3052600
215,0.415728646589,3052800
216,0.126093985032,3053000
217,0.69307724411,3053100
218,0.370128754504,3053200
219,0.759967579404,3053300
220,0.168836917017,3053400
221,0.031851455392,3053800
222,0.256779271421,3054200
223,0.620814626391,3054400
224,-0.132915054339,3055000
225,0.394505292603,3055200
226,-0.500470002593,3055300
227,0.379851501945,3055800
228,-0.300864680059,3056000
229,-0.583557176247,3056200
230,-0.912437883518,3056400
231,-0.0775924141315,3056500
232,-1.16982749702,3056600
233,-0.823700782308,3056800
234,-0.80743840308,3056900
235,-0.79008298918,3057000
236,-0.595767377966,3057100
237,-0.602486601628,3057200
238,-0.372371255883,3057300
239,-0.87074979737,3057400
240,-0.449172704211,3057600
241,0.0360254246302,3057800
242,0.0992542476035,3058000
243,-0.00758243975972,3058600
244,-0.272305399279,3059100
245,0.0677327286491,3059200
246,-0.0865513793117,3059300
247,-0.397152908555,3059401
248,-0.549094061569,3059402
249,-0.308647006242,3059600
250,-0.247072185923,3060000
251,-0.251569730565,3061200
252,-1.15541367856,3063200
253,-1.03338390831,3063600
254,-1.1772619926,3063800
255,-1.08531081117,3064000
256,-0.997533598988,3064600
257,-1.25316754417,3064800
258,-0.859713653087,3065000
259,-1.0206498956,3065200
260,-1.19948600541,3065400
261,-1.12015581713,3065600
262,-1.39437961449,3065800
263,-1.40500032262,3066000
264,-0.935258472227,3067000
265,-0.750743018874,3067200
266,-0.951322680447,3067400
267,-0.775235672606,3067600
268,-0.465428890185,3067800
269,-0.85723910035,3068000
270,-0.648914269083,3068200
271,-0.770756190165,3068600
272,-0.893580707612,3068800
273,-0.558238811196,3069000
274,-0.52536725478,3069200
275,-0.867065061752,3072800
276,-0.655330043836,3073400
277,-1.00795200806,3073600
278,-0.715239508432,3073800
279,-0.795971341171,3074000
280,-0.539412599563,3074200
281,-0.822920485216,3074400
282,-0.88471807556,3074600
283,-0.923636589546,3074800
284,-0.917784362553,3075000
285,-0.391502980984,3075200
286,-0.582545679885,3075400
287,-0.891051967452,3075600
288,-0.18208614674,3076000
289,-0.395800806795,3076200
290,-0.0213821355207,3076400
291,0.668458153432,3076800
292,-0.624306015805,3077400
293,-0.39054928426,3078400
294,0.710610701938,3079000
295,0.919796852951,3079200
296,0.891637526173,3079601
297,0.401105304107,3080000
298,0.560709743418,3080400
299,0.684266391212,3080600
300,0.886038173271,3081000
301,0.463919207081,3081400
302,0.916057930059,3081800
303,1.12014273523,3082400
304,-0.276062384446,3083200
305,-1.05304615209,3083600
306,-0.753922006461,3083800
307,-0.663031863682,3084000
308,-0.663031863533,3084600
309,-0.152484405719,3084800
310,-0.66108112115,3085000
311,0.206947610104,3085600
312,-0.0302146631439,3086000
313,0.157219162763,3086200
314,0.461225325118,3086400
315,0.614931435328,3086600
316,0.546356133309,3086800
317,0.364322973735,3087000
318,0.609791384011,3087200
319,0.430178589826,3087401
320,0.374055010544,3087800
321,0.687325650805,3088200
322,1.2076939093,3088400
323,1.06734883565,3088600
324,0.23407221774,3088800
325,0.822747422002,3089000
326,1.06272485381,3089400
327,0.81188828953,3089600
328,0.70097052558,3089800
329,0.8965505068,3090200
330,0.704438511957,3090600
331,0.852171118822,3091600
332,0.626553318017,3091800
333,0.266460733398,3092000
334,0.454093245829,3092200
335,0.902774303857,3092400
336,0.395036327902,3092800
337,0.245797314411,3093000
338,-0.0791096583765,3093800
339,-0.72885135485,3095400
340,-0.562984069315,3095600
341,-0.492161285198,3095800
342,-0.681383291482,3096400
343,-0.325986938127,3096600
344,-0.532910124994,3096800
345,-0.489473595733,3097000
346,-0.086840378251,3098400
347,-0.223500716059,3098600
348,-0.351100939378,3098800
349,-0.465428889887,3099000
350,-0.567445489071,3099200
351,-0.553501293716,3099400
352,-0.727839858786,3099600
353,-0.0941014748678,3111000
354,0.0736159197126,3112000
355,0.416234394621,3112200
356,0.784615054044,3112400
357,0.694829299648,3112600
358,0.466563546906,3112800
359,0.69338430525,3113000
360,0.691000064634,3113400
361,0.818737562647,3114600
362,0.766531982157,3115000
363,0.872751450313,3115200
364,0.818737562647,3115600
365,0.830225267599,3115800
366,0.256663671905,3116000
367,0.675105127296,3116200
368,0.428805845275,3116400
369,0.441160546602,3116600
370,0.615571361008,3116800
371,0.991558883383,3117000
372,0.778422221185,3117201
373,0.546211633466,3117202
374,0.731232835009,3119200
375,0.709640491224,3119400
376,-0.105295020075,2001600
377,1.67142871156,2002701
378,1.05623270082,2003300
379,0.847955347851,2003500
380,1.31913909602,2003700
381,0.517672995926,2003800
382,0.819084361374,2004001
383,1.13197104592,2004400
384,1.33926064197,2004800
385,1.44861058706,2005002
386,1.47816072104,2006800
387,1.5047486166,2007000
388,1.47555973118,2008900
389,0.964826488356,2012101
390,1.21961511208,2012102
391,1.14024879911,2012500
392,1.34314664441,2012701
393,-0.704792199304,2013000
394,1.22095173185,2013100
395,1.39637404239,2014300
396,-0.562532508594,2016200
397,1.00924035946,2016300
398,-0.161113086269,2016600
399,1.56066989666,2017500
400,1.46285410254,2017701
401,1.69586717802,2017901
402,1.67215120876,2017902
403,1.63093997054,2018101
404,1.47418698663,2018102
405,0.354352512789,2020200
406,0.628927237333,2020400
407,0.570949936767,2020601
408,0.955181151496,2021601
409,1.75993461365,2022102
410,1.51630857104,2022300
411,0.214701036653,2023200
412,0.943758471316,2023600
413,1.61998691371,2023703
414,1.71626482106,2023704
415,1.58454326717,2023900
416,1.58794932523,2024100
417,1.48865499222,2024300
418,1.42794716812,2024502
419,0.551865174014,2024600
420,-0.566413350577,2025000
421,0.12618068449,2025200
422,-0.0959438425579,2025400
423,0.168634617596,2028600
424,0.61383736767,2028700
425,-0.0681999515414,2028800
426,-1.20691327617,2030100
427,-1.01073362209,2031200
428,-0.585796917199,2031400
429,-0.758502638598,2031600
430,-0.567069790763,2031800
431,1.1232701159,2033000
432,1.02663096005,2033800
433,-0.697949119273,2036000
434,-0.129250961598,2036400
435,1.30658570787,2036502
436,0.138723235206,2036800
437,0.264231313571,2037000
438,0.726216640699,2037200
439,1.17359926803,2038700
440,0.654441708548,2039200
441,0.828014426317,2039400
442,0.470143004245,2039600
443,0.441305046082,2039800
444,1.10545333577,2039902
445,1.62222665489,2040100
446,1.05872221958,2040303
447,1.03411396642,2040304
448,0.264788668381,2040400
449,1.57064035754,2040501
450,1.22156585458,2040502
451,0.518865116271,2040600
452,1.03664270643,2040701
453,1.23129789135,2040702
454,0.97132896288,2041500
455,0.651778790281,2042200
456,1.2210962314,2042300
457,0.292470630957,2042400
458,0.035232742132,2042800
459,1.3494839769,2042902
460,-0.166820813867,2043000
461,0.357495375415,2043400
462,0.00603663188166,2043600
463,0.0217509451248,2045101
464,0.710536388041,2015300
465,0.485160623977,4000200
466,0.246148241684,4000400
467,0.332228617605,4000600
468,-0.0114116745947,4000800
469,0.173981096855,4001000
470,-0.028751606301,4001200
471,0.0868298769678,4001400
472,-0.104613808232,4001600
473,0.0286327304939,4002800
474,0.264871239634,4003100
475,0.0278199211728,4003800
476,0.140312729446,4003900
477,0.270300289571,4004001
478,-0.227355754655,4004401
479,-0.0692836972731,4005000
480,0.354749886349,4005100
481,-0.396863909705,4005200
482,0.149725834944,4006502
483,0.30280234054,4007300
484,-0.0577959922313,4007900
485,0.553653354476,4009100
486,0.000478564489058,4009400
487,-0.049017651966,4009700
488,-0.142544909153,4010100
489,-0.0338813362287,4010200
490,0.205879346524,4010400
491,0.208998125781,4010600
492,-0.120111372248,4011100
493,0.285263721949,4011200
494,-0.167308499363,4011300
495,0.0429613975122,4011400
496,-0.100650395255,4011500
497,0.28454380508,4011600
498,-0.0329420901606,4011700
499,-0.172889789952,4011900
500,-0.127083469926,4012100
501,0.0806138209067,4012400
502,0.0014487748198,4012601
503,0.0816459595283,4012602
504,-0.0354708300222,4012800
505,0.129403021985,4013000
506,-0.548082565505,4013600
507,-0.161931916374,4014000
508,-0.159379093081,4014300
509,-0.00393382884054,4014500
510,0.13532749875,4014700
511,0.055260363303,4014900
512,0.370933822626,4015300
513,0.270448917597,4015400
514,0.24073983439,4015600
515,0.377869795649,4015802
516,0.588116469079,4016100
517,0.185916749813,4016400
518,0.116325823448,4016600
519,0.174504907199,4016800
520,-0.0993251292979,4017200
521,0.0812331040286,4018000
522,0.220401539087,4018501
523,0.642809503992,4018502
524,-0.234663297238,4019000
525,0.432837379501,4023000
526,0.505751792878,4023200
527,0.630960550761,4024700
528,0.433530976777,4025900
529,0.405093488485,4026100
530,-0.884130444727,4026600
531,0.838306914384,4026901
532,1.17030468105,4026902
533,-0.348982990769,4027000
534,1.20288930299,4027100
535,-0.15065132732,4027200
536,1.09902517566,4027300
537,0.0168524140652,4027400
538,1.150508259,4027500
539,0.906824416624,4027700
540,0.989030143521,4027900
541,-0.243704833213,4028000
542,0.903529829342,4028100
543,-0.767215954091,4028200
544,0.692083810395,4028300
545,0.779361467402,4028500
546,0.3801456613,4028700
547,0.663400673013,4028900
548,0.669676076976,4030903
549,0.544456997784,4032700
550,0.664845667411,4032900
551,0.49976951631,4033700
552,0.775387733202,4033900
553,0.425492679785,4034700
554,0.726835924077,4035100
555,1.04206143509,4035300
556,0.55510867042,4036100
557,0.831309013286,4036300
558,0.720680248261,4036500
559,0.450408510359,4036700
560,0.0154652198723,4037100
561,1.1502011976,4037500
562,0.940055157251,4037700
563,1.04155568687,4037900
564,-0.803908488518,4038400
565,-0.546348572093,4039400
566,0.573377526828,4039900
567,-0.722132131413,4040000
568,0.817697166644,4040100
569,-0.187288126242,4040200
570,1.17890239699,4040300
571,1.10031878926,4041100
572,1.33055455107,4041300
573,0.879427324007,4041500
574,-0.0403941322895,4043400
575,1.19197959583,4044301
576,0.942718075537,4044302
577,0.801397630864,4044602
578,0.296661114459,4044800
579,0.464244330944,4045700
580,0.886580046152,4045900
581,0.92867273071,4046100
582,1.16098446783,4046300
583,1.18168401147,4046500
584,1.20342395087,4046700
585,1.36555231387,4046900
586,0.101991479667,4049900
587,-0.513142602913,4050201
588,-0.367313775802,4050202
589,-0.881529454899,4050400
590,-0.739069529045,4050600
591,-0.894808952768,4050800
592,-0.313250345563,4051000
593,-0.443671404384,4051200
594,-0.665647303151,4051600
595,-0.552244149068,4051800
596,-0.351274338831,4052000
597,-0.788168371748,4052200
598,-0.612601561819,4052400
599,-0.32793768074,4052500
600,-0.300901836637,4052600
601,-0.715660621032,4053000
602,-0.371811320616,4053200
603,-0.736220825989,4053401
604,-0.401473441572,4053601
605,-0.555452036381,4054000
606,-0.601526712533,4054200
607,0.902749532609,4054500
608,1.11409440189,4054700
609,0.976184143987,4054900
610,0.814836078144,4055100
611,0.863647986275,4055300
612,0.871335355943,4055500
613,-0.58182318276,4055600
614,-0.676484760825,4055800
615,0.645446618922,4058300
616,0.60755164279,4058500
617,0.809959222516,4058700
618,0.940550584132,4058900
619,0.695118298736,4059100
620,0.301264453588,4059300
621,-1.06541943216,4059400
622,-0.962290187427,4059600
623,-1.00256217919,4059800
624,-0.607818630665,4059900
625,-1.32501988695,4060000
626,-1.16039890896,4060600
627,-0.978174803614,4060800
628,-1.31797553942,4061400
629,-1.25858627292,4061800
630,-0.0230294291815,4062700
631,-0.307418761384,4062900
632,-1.17788334009,4063200
633,-0.158801095128,4064101
634,-1.69589935435,4065702
635,-1.14275552828,4065703
636,-1.10624258601,4065900
637,-1.15830366683,4066000
638,-1.05549232112,4066100
639,-0.853482115034,4066300
640,-1.30876370088,4066701
641,-0.326348186913,4067100
642,-0.737174522334,4067700
643,-0.426973978898,4067900
644,0.347187749251,4068700
645,-1.22054679723,4069000
646,0.0662712198936,4069300
647,0.0927146158173,4069500
648,-0.0723181853157,4069701
649,-0.425619296845,4069702
650,-0.0396613135238,4071304
651,-0.207208405235,4071306
652,0.828893808504,4071900
653,0.260030508407,4072100
654,-1.12485204844,4072900
655,-0.990395327081,4073100
656,-0.833685692984,4073900
657,-0.232867375769,4074100
658,0.0479053421241,4074300
659,-0.502131745964,4077903
660,-0.407567189178,4077904
661,-0.225299734154,4077906
662,0.629587806209,4079900
663,1.04892515794,4085300
664,0.961792000437,4086100
665,0.726619174771,4087100
666,-1.10967960815,4092800
667,-0.950296734801,4102900
668,-0.690790204519,4103300
669,-0.641573698142,4103900
670,-0.582220556321,4105900
671,-0.562326080823,4113900
672,-0.56828358604,4114700
673,0.00903499500097,4115700
674,0.407853427617,4116100
675,-0.216618930801,4117500
676,-0.024922371645,4118100
677,0.495998081144,4118500
678,0.692961128492,4118700
679,0.315619440136,4118900
680,-0.00682897839381,4119100
681,0.0896801279834,4119300
682,-0.122495612939,4119500
683,-0.210387392464,4119900
684,0.372321017088,4120100
685,0.459800973576,4120300
686,0.668920551516,4120500
687,-0.384220209413,4120700
688,-0.883393497588,4124100
689,-1.29471113086,4124700
690,-0.728417856504,4126500
691,-0.463405898207,4129104
692,-1.44395014457,4133900
693,-0.827874751405,4140901
694,-0.779756440567,4140902
695,-0.454832265194,4145102
696,-0.393757171982,4145900
697,-0.541146592602,4001800
698,-0.122387238303,4002000
699,0.475840410219,4020400
700,1.52042680499,2002702
701,0.159549215892,4003200
702,-0.63969520526,4112900
703,0.674320701668,4026700
704,1.20303380246,2036901
705,0.644615747176,2036902
706,-0.663338924934,3073000
707,-0.734660232144,3073200
708,1.12142774805,2038900
709,-0.0765447936662,4047000
710,1.59150246307,2023301
711,1.61388181248,2023501
712,0.945427439755,2016500
713,1.51530739663,2040302
714,0.495347833791,2026702
715,1.11463627485,2040900
716,-0.392095428384,4050000
717,1.73714705332,2006400
718,1.37677372662,2023302
719,1.54311321584,2023502
720,-0.167842631231,4018800
721,-0.119538535457,4019200
722,-0.190952219111,4017400
723,-0.184088496055,4017600
724,-0.920313102415,4143500
725,-0.361317049474,4013800
726,-0.363412291087,4028400
727,-0.540929843658,4058000
728,-0.421790061682,4071303
729,-0.485875559811,4077902
730,-0.429997629501,4077907
731,0.121744552106,4017000
732,0.192889879529,4019400
733,0.367465836313,3002200
734,1.16566005631,2011900
735,-0.454323076636,3097400
736,-0.00866618547148,3109800
737,0.769145357544,3044500
738,0.750172582137,3044700
739,-1.22121871986,4061602
740,0.906304218653,1023502
741,-0.204566129687,3006600
742,0.310182133099,3013400
743,-0.265008177739,1019702
744,-0.895376629006,1004000
745,0.746271097425,3007000
746,1.03375271767,3007200
747,-0.971321402156,3003800
748,0.0,2051600
749,-0.337944266054,3062000
750,-0.0894413681457,3039000
751,0.857380839522,2032800
752,0.651654933656,2034000
753,-1.614560624,3004900
754,-1.35279990283,3006300
755,1.49983563597,3009400
756,1.47381541673,3009600
757,1.24859447341,3008200
758,0.644362873011,3117602
759,0.710734558563,3117800
760,-0.790098471322,4032800
761,-0.872194791471,1020500
762,1.14013319954,3034900
763,-0.416385783082,3055100
764,0.0273864229502,2041800
765,1.10475973849,3035100
766,0.778042910124,3035300
767,0.186805421227,3114202
768,-0.869862157867,3064200
769,-0.896398446189,3064400
770,0.230653773987,4005500
771,-1.55914509153,3000502
772,-1.17470435265,1010100
773,-1.37296789481,1010900
774,-1.13875495811,1011900
775,-0.714917481068,1012500
776,-0.939965025218,1016900
777,-0.7697446944,1017300
778,-0.713245416601,1017500
779,1.07493505553,1022500
780,-1.26335475425,1020300
781,0.800716419174,1023100
782,0.665206916048,1024500
783,0.785791692125,1025100
784,0.233803861635,1002601
785,0.427115201845,1002602
786,-1.56082128492,3001100
787,-0.436116148253,3020000
788,-0.384003460171,3020200
789,-0.416602531996,3016000
790,-0.959147324838,3016800
791,-1.10364159618,1006400
792,-1.28280799031,1010800
793,-0.464293537582,2013800
794,-0.124468030129,2015800
795,0.900668740604,3036001
796,1.24125390208,2037900
797,1.58403545491,2038100
798,0.1207433773,1003001
799,-0.163786325712,1003002
800,-1.47819650995,1005900
801,1.12587110572,3089200
802,-1.48465563439,1005600
803,-0.403987731583,3005400
804,1.5797871718,2002500
805,-0.184067853114,2015200
806,0.292181632167,2044200
807,-0.886283486071,4065000
808,0.246230812745,3058200
809,0.285968156746,3055400
810,0.282933668495,3055600
811,0.464507526303,3152200
812,0.226578890091,3021700
813,-0.481323827672,3083400
814,-0.461870591647,3085400
815,-0.604350644003,4078800
816,0.529112534403,2022403
817,0.386973259636,1001600
818,0.489960069129,3046201
819,-0.0221872037779,3046202
820,-0.129930108695,2044400
821,-0.0512935176625,2044800
822,0.282747883516,2034200
823,-0.267175669411,2034400
824,0.578752905712,3051200
825,0.795700224737,3025901
826,0.442894539905,3025902
827,-0.600535859197,3094401
828,-0.527014548242,4056600
829,-1.03966963334,3066200
830,-1.26657502721,1004200
831,-1.52134816898,1006100
832,-1.20338748988,1013900
833,0.227590386006,2016700
834,0.477636331937,2022902
835,-1.49016106295,5012100
836,-0.512535705328,5007700
837,-0.418394325151,5001100
838,-1.2617941602,3016700
839,1.06409759851,2022404
840,-0.0421178039861,4094700
841,-0.873553086142,4076902
842,-0.323024699931,3098200
843,-0.353441830652,3105804
844,-0.0900193656888,3003000
845,-0.968142414495,4140300
846,-0.819824068712,4032000
847,-0.77985965453,4061302
848,-1.11560408513,4062300
849,-0.383136463636,4062500
850,0.360715648495,4074500
851,0.447157273075,4037300
852,-0.710148999969,4101700
853,-0.357704563702,4114100
854,-0.433948656828,4022002
855,-0.360811301457,4045000
856,-0.512246706136,4077905
857,-0.681127133423,4126700
858,-0.279003979978,4121500
859,-0.691498251674,4122300
860,-0.870171799492,4134100
861,-0.575772269025,4141700
862,0.988163146852,4047100
863,0.48849856063,3036002
864,0.120458507192,3085200
865,-0.0960160920735,3085800
866,0.860105685642,3119000
867,0.833259755493,3119600
868,0.823691829002,3050900
869,-0.415432086657,3056100
870,1.29329434045,2036501
871,0.904714725008,2022401
872,1.22986734698,2033201
873,0.167141456931,4015200
874,0.396943720454,4020600
875,-0.801462319508,4047200
876,-0.777499497059,3072600
877,-0.72717928991,3093200
878,-0.955354214673,4059000
879,0.896442132402,2007200
880,0.394218873951,2004200
881,0.287962248935,4004700
882,0.692589558427,3090800
883,0.599531924275,3114400
884,1.65683426886,2037100
885,1.28545266597,2039300
886,-1.30089570672,5011402
887,0.607262644,1023000
888,0.599387424701,3111800
889,0.156568915197,4091900
890,0.293915625504,4092500
891,-1.28882277901,1001502
892,-0.481179328426,3076600
893,-0.334259530808,5001700
894,-1.16316246041,1012000
895,-1.09441427537,1012800
896,0.370789323231,4055900
897,0.662071278399,3040300
898,0.509739977256,3052700
899,0.882957238845,3052900
900,0.441655973355,3051300
901,-0.219635356494,4094201
902,-0.942638264639,4045600
903,1.23207818826,2021100
904,0.042486613615,4050500
905,-0.233969700007,4050700
906,1.57988832113,2021301
907,1.3240520767,2021700
908,0.245306016587,2022800
909,0.694215177181,2023000
910,0.143022093328,2027700
911,0.48543930119,2027300
912,0.315373791045,2042000
913,0.725708828463,2040800
914,1.18417662641,2021302
915,0.435586997099,3025500
916,0.550618866396,3025700
917,-0.44176710805,3002901
918,1.22919852097,2007600
919,0.376569300505,2026701
920,-1.05455307476,1004800
921,-0.874420082871,4063301
922,-1.04855634837,4063302
923,0.313061799978,2024400
924,1.11994662873,4085500
925,1.10708617929,4086300
926,1.01839449236,4086500
927,0.865176067736,4116300
928,-0.0514560797056,4104700
929,0.670264396293,4115900
930,1.24876787272,2036300
931,1.02532358422,2022500
932,0.915779252739,2022703
933,1.06442272215,2020900
934,1.30887963629,2022702
935,1.25223585894,2019900
936,-1.65245043937,5017009
937,-0.435878756432,1016002
938,0.58215586754,4035700
939,-1.12788653671,1015002
940,-1.13410001219,1015001
941,0.574840583762,2009800
942,0.986212404422,2013300
943,0.077347101704,4009600
944,0.361776171337,4004500
945,0.145297959472,4005300
946,0.521233874835,3113200
947,0.879138325366,3048000
948,0.972505601271,3048200
949,1.42729692099,3048400
950,-1.47663591595,5024800
951,0.588896765932,3117400
952,0.643170752629,3117601
953,0.481352031435,2021001
954,0.6037765949,2023800
955,0.259849884238,2022200
956,-1.4301070989,5018901
957,-0.781160149311,3003600
958,0.261475502954,3006800
959,-0.730151849704,4144700
960,0.106499862046,4005700
961,0.254973028386,4005900
962,-0.550539055669,4054800
963,0.504957046026,4047300
964,-0.732536090544,2030000
965,0.740816244067,1023501
966,0.297325811885,4015500
967,0.282240071279,4015700
968,0.420677752138,4015900
969,0.792872164423,2041100
970,0.640894886634,3119800
971,0.765995269926,2018301
972,1.10796762596,2019500
973,-0.111224657213,1019100
974,-0.532414698368,3051900
975,-1.40294120566,1010601
976,0.584524626248,3026100
977,-1.70870200404,5017008
978,-0.888378728016,2030200
979,0.320814750368,3110400
980,-0.0982558335952,3110600
981,0.284605733392,1016600
982,-0.957064124729,5004700
983,-1.28958140132,5014700
984,-1.56432642858,5016901
985,-1.01093488911,1004500
986,-1.18785380103,3013500
987,0.518632884957,3036700
988,0.464352705714,3040500
989,-1.05818620341,1009500
990,-1.03887488636,1009100
991,-1.52724684212,1005800
992,-1.45502292976,1006300
993,0.652460002098,3051100
994,-0.974149462325,1013300
995,-0.708105365054,1012700
996,-0.827688966303,1012100
997,-1.27574041997,1008100
998,-1.52616309644,1005400
999,-1.01260695401,1008700
1000,-1.28546316725,3016900
1001,-1.36378185945,3017100
1002,0.13407035361,2045102
1003,-0.0888994950785,2041400
1004,-0.330899918903,4056800
1005,-1.00074148627,4059200
1006,-1.21263545356,4062200
1007,1.04409474831,2018302
1008,-0.994412411338,1014401
1009,-0.848117573723,1015801
1010,-0.323902017943,1015802
1011,0.747354843336,1022600
1012,0.823867292575,3081600
1013,-1.36219236595,1005501
1014,0.231184809242,1020800
1015,1.34205670596,2007700
1016,1.13228068761,2007500
1017,0.775243233747,2007300
1018,1.30459281976,2007900
1019,-0.228522071231,4013200
1020,0.632441670008,3035601
1021,0.76579658337,3049100
1022,-0.33581289938,3061600
1023,-0.590912196859,3072400
1024,-0.678999050568,3094402
1025,0.354605386656,4099802
1026,1.46187563515,2037504
1027,1.20975302599,2041300
1028,0.324425648352,3053700
1029,1.20276286598,2026500
1030,0.561586373459,3043800
1031,-0.766999205222,3105801
1032,-0.932223984086,3150200
1033,0.383577522829,2038200
1034,0.506878888339,3049400
1035,0.0588692367468,4007500
1036,-0.00519819884588,4007700
1037,0.77717591353,2014900
1038,-0.935359105982,4061900
1039,0.913240191377,2033202
1040,0.888444088736,4045500
1041,-0.431182524898,4056200
1042,-0.694604989623,4056400
1043,-1.06446573598,4063000
1044,0.215813682174,4030904
1045,-0.365254659109,1030300
1046,0.227518136308,4012200
1047,0.176355015957,4014400
1048,-0.0333033387229,4015000
1049,0.339895344596,3038500
1050,0.588766716544,3029900
1051,0.657114947984,3037900
1052,0.322443941723,3038100
1053,1.00080684713,3030100
1054,0.668313654012,3037100
1055,-0.80391880984,1018900
1056,0.259091262279,4012000
1057,0.148838195547,4014800
1058,1.10549668564,2003100
1059,1.09478927772,2008300
1060,1.03144072672,2005200
1061,0.225711893646,4092900
1062,-0.995328950435,1013400
1063,-0.903117669962,3013100
1064,-0.94473350642,3014100
1065,-0.908969896917,3014900
1066,-0.307816134571,3014500
1067,-0.860092964,3014700
1068,-1.55578031926,1009400
1069,-1.10810817701,1009200
1070,-1.53639675247,1011401
1071,-1.19132178726,1012200
1072,-0.562225447267,4146300
1073,0.405517353417,3025300
1074,-0.628929997641,4146700
1075,-0.392580533539,3020600
1076,0.510520274079,4100801
1077,-0.62296939596,4002500
1078,0.131751137826,4029500
1079,0.0,2000100
1080,0.214820248609,3111600
1081,0.137783988839,3121000
1082,0.848772801828,2011502
1083,1.17278744398,2012300
1084,-0.0521605146721,3044800
1085,-0.213313506244,3045000
1086,-0.603209098901,3107000
1087,-0.0719156512439,3107800
1088,0.895033262704,3080200
1089,-0.0680141664259,3075800
1090,-0.300121540217,4115100
1091,-0.0269453636237,4117100
1092,1.24053140466,4040500
1093,1.3424035046,4040700
1094,1.29653938487,4040900
1095,-1.01799471843,1013100
1096,-1.33370533482,1013700
1097,-0.445430168834,3062800
1098,0.160687148852,4071701
1099,0.491608910825,4071702
1100,0.187997541758,4025500
1101,0.209486671668,4025700
1102,0.493267041741,4026300
1103,-1.32268209262,4072300
1104,-0.940398523468,4073700
1105,0.523886471406,4026500
1106,0.394414980294,4029100
1107,0.605889899225,4029300
1108,0.400917454714,4030902
1109,-0.0570734949576,4051300
1110,-1.13113777384,1015700
1111,-0.990828825266,1016500
1112,-0.83209619934,1017700
1113,-0.816504710642,1018100
1114,-0.546521971412,1018500
1115,0.765224606336,2021602
1116,0.357603750073,2021002
1117,0.337554453859,2021200
1118,0.067051516985,2038800
1119,0.322382013411,2039000
1120,0.141613223903,2038600
1121,0.0626442844503,1020901
1122,-1.09640372299,2033500
1123,0.822061049689,3028300
1124,-1.48629673542,1006500
1125,1.34838578108,1017000
1126,0.683399394483,3037700
1127,0.557554839262,3037300
1128,0.720705019381,3037500
1129,-0.443919117633,4029400
1130,1.09610422273,2022701
1131,0.957294455709,2022901
1132,-0.654650896574,1021100
1133,0.0938561616947,4045800
1134,-0.153021117907,4046600
1135,-0.424890231349,1019701
1136,-1.14305897715,1020701
1137,1.32145108709,2024501
1138,0.860266699356,1021400
1139,0.803911921131,1023200
1140,0.704851367627,1023600
1141,0.470452645806,4068300
1142,0.510737023172,1019800
1143,0.402687572751,1020000
1144,-1.13178802126,3007500
1145,0.0398278239698,4031700
1146,-1.15107869529,1016100
1147,1.13620281501,2002800
1148,1.00882656557,2005001
1149,-1.16433135772,1014500
1150,-1.1145781389,1014900
1151,0.630772701368,4016900
1152,0.666146162191,2004600
1153,0.88184252897,3034300
1154,0.912228695293,3034500
1155,1.17253410075,3011200
1156,-1.45698399331,1008300
1157,0.277298190714,3040900
1158,0.668747152122,3041100
1159,-1.17918383494,1007700
1160,-1.38419240425,1007900
1161,-0.721210947433,2031000
1162,-1.0427041214,3007100
1163,-0.627990751274,3012700
1164,0.699698930366,3028600
1165,-1.75927680523,4091601
1166,-0.678710051927,2016000
1167,-1.19327252969,2027402
1168,0.124273292117,1001002
1169,0.254198924313,1002201
1170,1.01129750594,3050803
1171,1.13356570015,3050804
1172,0.358145622879,3039400
1173,-0.149697631134,3093400
1174,0.137018142165,3093600
1175,-0.0612639784805,3094600
1176,-1.2184876804,4047800
1177,0.620504984703,3028502
1178,-1.16509514024,3001300
1179,-0.0896581169028,4006100
1180,0.12631692693,4006300
1181,-0.504010238667,4138501
1182,0.878235203923,1016400
1183,0.72553542901,1024301
1184,-0.742971013735,3069601
1185,-0.55171311359,3072000
1186,-0.346343295631,3072200
1187,-0.14043160494,3095000
1188,-1.20952871583,1009300
1189,0.698051637083,1022700
1190,0.926052474237,1025900
1191,-0.603245223452,4033000
1192,0.0833077030939,4083800
1193,0.476013809672,1017401
1194,0.797351646864,1017402
1195,0.339474232176,1018600
1196,0.818477463736,2038500
1197,1.52846097359,2023702
1198,1.62135965826,2025300
1199,1.07507955537,2042901
1200,0.5779834465,1021500
1201,-1.64555575199,1008000
1202,-1.09118368082,4046400
1203,-1.42683177844,4127700
1204,0.250483224559,3024300
1205,0.451564505938,4008500
1206,0.438884680841,4004300
1207,0.275347448276,3025100
1208,0.25540652672,3026500
1209,1.35562520253,2037300
1210,1.41169098229,2039100
1211,-1.04175042529,3005100
1212,-0.870984608869,4109300
1213,-0.692943245923,4109700
1214,-1.52171973878,1006900
1215,-1.57438978183,1007500
1216,-1.43736097043,1008800
1217,-1.57573362661,1009000
1218,-0.626979255061,4068200
1219,-1.21474875763,1003100
1220,-1.04487161288,1001501
1221,-0.0749733622412,1002900
1222,-1.01166564359,5001800
1223,-1.16989252168,5002001
1224,-0.780313795569,3018100
1225,-1.31970953276,1007800
1226,-0.205185413033,4084601
1227,-1.31698468649,1007100
1228,-0.92357878952,4129102
1229,-1.38785546488,4074900
1230,-1.1845303142,4076901
1231,0.0927362910845,5000300
1232,-0.302227103054,2042600
1233,0.0,3103400
1234,-0.811525672962,3069602
1235,1.30561033662,2009300
1236,0.44896351611,2011700
1237,-0.511408609456,4033402
1238,-1.76163008165,5020804
1239,-0.413914842711,4094500
1240,-1.45799548921,2031900
1241,0.197534504444,3054500
1242,-0.77792336213,3005900
1243,-1.1964515172,3003300
1244,0.668660452605,1021303
1245,-0.50848972081,3099800
1246,-1.28177843175,3003700
1247,-0.672310791318,3003900
1248,-0.0711477397382,3017400
1249,-0.0784955359473,3017600
1250,-0.811649529614,1004300
1251,-0.834191440942,1003800
1252,-0.873763642557,1005502
1253,-1.32245502216,1005700
1254,-0.333500908909,1003601
1255,-0.45135051714,1003602
1256,-0.525034905873,4139900
1257,-0.624031466984,4144100
1258,-0.90593540886,3001500
1259,-0.273100146101,3003100
1260,-0.610235383591,4033401
1261,-1.48581162978,5013203
1262,1.24903880901,3035700
1263,1.08044667715,3035900
1264,1.16560844936,2014100
1265,1.13475782061,2018500
1266,1.12367953087,2007100
1267,-0.610853118572,2018400
1268,-0.446272394007,2016400
1269,-1.49021886297,5003900
1270,0.773715668415,3028100
1271,0.0683520118987,2045800
1272,-0.116751760641,2046000
1273,-0.0484324291027,2048400
1274,0.565574557927,2044901
1275,-0.576476703576,2044902
1276,-0.955787713057,4051100
1277,-0.969442909423,1023802
1278,0.51312126375,4025400
1279,0.090547124533,1001402
1280,-1.5638557732,1008601
1281,1.1818357357,4044601
1282,0.821772050898,4046000
1283,0.177593582508,4021200
1284,0.792356094984,4024000
1285,-0.127535030685,4013700
1286,0.261258753713,4006900
1287,0.427598242782,4007100
1288,0.3160529385,4006501
1289,0.0071105254591,4012500
1290,-0.0301966009082,4097203
1291,0.702931589183,1001401
1292,-0.342170874479,3015200
1293,-0.488476549668,3015000
1294,-1.41516585753,1006600
1295,-1.17431420422,1007000
1296,-0.714907159734,4005800
1297,0.316833235412,3030400
1298,-0.0395890637965,4009500
1299,-0.0768699173946,4010300
1300,-0.482748179343,4035200
1301,0.328017491546,5002700
1302,-0.827833466141,1014402
1303,-0.528575142097,1015200
1304,-0.883501872268,1014700
1305,-1.1392875419,5011202
1306,-1.31526617532,5012804
1307,0.73059290918,3091000
1308,0.811223592223,3091200
1309,0.599531924275,3118201
1310,0.343276631336,3118202
1311,0.563732189968,3118400
1312,-0.152298621038,4041400
1313,0.746198847579,4044000
1314,-0.670112335824,5009700
1315,0.822639047388,1021900
1316,-1.6915426964,5017007
1317,1.41861250517,1017800
1318,-0.907452652971,4099701
1319,-0.602992349809,1030700
1320,-0.830723454469,5020100
1321,-1.47912853116,5024401
1322,0.708628995309,2005902
1323,1.22588879571,2006100
1324,-0.740815907806,5024700
1325,-1.13623137871,5025100
1326,-1.21757733426,5029102
1327,-0.75291051067,4020500
1328,-1.20340813268,5030301
1329,0.813969081356,2006500
1330,-0.362003422048,5031902
1331,-0.455891927723,4147100
1332,0.922715225621,3012000
1333,0.67659828811,3012600
1334,-0.894967902043,4063500
1335,1.0312601027,1022301
1336,0.990836386407,1022302
1337,0.945174565925,2005300
1338,-0.997981547262,4062100
1339,1.19458058557,2017100
1340,0.8790371757,2017702
1341,-0.184810993328,2028900
1342,-0.620043282478,2035600
1343,-0.909511769873,3020700
1344,-0.391242881894,3021500
1345,0.553003107124,1021000
1346,0.729870411885,1021200
1347,0.947631056089,1022102
1348,0.813795682082,1022800
1349,-0.112726419327,4125700
1350,0.0138179264103,4077908
1351,-0.535696899681,3050100
1352,-0.62755725294,3051500
1353,0.514855256827,3054900
1354,-0.328660177682,3018300
1355,0.0274173871915,3021100
1356,-0.415085288169,3018501
1357,-0.328226679348,3018700
1358,-1.13070427596,3070000
1359,-0.78159364778,3070600
1360,1.42338098628,2008500
1361,1.43950712301,2008700
1362,0.607949016052,3120000
1363,0.0489529629623,2008400
1364,0.975490546532,2006700
1365,-1.25815277487,2029301
1366,-0.580074739761,4053100
1367,-0.0991228299658,4093900
1368,-0.903365383195,1006200
1369,-0.674664067821,3056300
1370,-0.283958246474,2028500
1371,-0.833757942515,2035100
1372,-1.22520690414,3004300
1373,-1.54447839938,3004500
1374,-1.45907923482,5015603
1375,1.33973026504,2014500
1376,1.38939471978,2014701
1377,0.42442751238,3008400
1378,1.3375266489,3008800
1379,0.390874744369,1001001
1380,0.0189332059511,1001200
1381,-1.05809331113,1029500
1382,-0.996861676353,4069400
1383,1.31433449006,2020501
1384,0.560682219667,3035602
1385,0.666951230856,3036200
1386,0.713137377689,3036400
1387,-1.17345804499,3015900
1388,0.203531230608,1022200
1389,0.185107552962,1022400
1390,-0.868995161241,4075702
1391,-0.406588721429,5000600
1392,0.228638006844,4015801
1393,0.515505504403,4020800
1394,0.0358396399493,4010500
1395,0.0947231580653,4018900
1396,0.57792925919,4024900
1397,0.323845070315,4003300
1398,0.43569846824,4046200
1399,-0.101145821945,3121400
1400,-0.107524439953,3122000
1401,-1.41195797006,5014605
1402,-1.35736969714,1007200
1403,-1.52041924384,1007400
1404,-0.0770866665469,4088901
1405,0.533235584804,4086900
1406,0.256242559126,3114201
1407,-0.752693761304,4055400
1408,-0.57037676358,4056000
1409,1.45121157693,4043900
1410,0.473022671433,4084900
1411,0.231672495036,3036900
1412,-1.40288701841,3000700
1413,-0.63992227593,4142900
1414,-0.596092501829,4145101
1415,-0.199723334601,4079200
1416,-0.948201492976,4006201
1417,-0.880467384077,4089200
1418,-1.12940378073,3050202
1419,-0.132249324792,3050400
1420,0.393735833167,2027900
1421,0.158411283156,2028100
1422,-0.698723223367,4036800
1423,-0.0382885691639,2035800
1424,-0.00670512164162,5002100
1425,-1.20450736059,3003400
1426,-1.51825175249,1011100
1427,-1.01463510677,1011500
1428,-0.336795495684,3057500
1429,-0.101470945584,3057900
1430,-0.913608328842,1017100
1431,-0.551290453061,1017900
1432,-0.658104433116,1018300
1433,-0.397658656736,1018700
1434,0.445867099734,1016200
1435,1.38228534793,1024000
1436,-1.24355833201,2011800
1437,-0.325986938127,4103201
1438,0.635692907069,4019800
1439,0.336253958905,4019600
1440,0.392391988166,4020200
1441,-0.178828716522,4022001
1442,0.749739083802,4043701
1443,0.973388079864,4043702
1444,-0.0149519108483,4025800
1445,-0.535727863944,4008800
1446,-0.203451419919,3052300
1447,0.599170675787,3052500
1448,-0.7951765942,3070202
1449,-1.44698463244,5014607
1450,-1.56263114053,5017012
1451,0.186311714985,3036600
1452,-0.0330865894066,3037000
1453,0.132293010483,3037401
1454,0.777699724061,3040200
1455,-0.729826726215,4098700
1456,-1.20461573519,1015100
1457,-1.0831061626,1015500
1458,1.33484824853,2005400
1459,1.06442272215,2005600
1460,0.971690211487,2015700
1461,0.599929297723,3032700
1462,-0.50958791672,3058800
1463,-0.228594320929,3059000
1464,-0.356104748459,3060600
1465,0.266388483581,4002400
1466,0.252241989341,4002600
1467,0.305042081611,3037402
1468,-1.26387495203,1010602
1469,-1.26481781092,1011000
1470,-1.32040313007,1011600
1471,-0.921649722081,4108500
1472,-0.791202859791,4109900
1473,-0.695616485478,4113300
1474,-0.304283123556,5002900
1475,-0.636949716191,5003300
1476,-1.21471624547,5013201
1477,1.13215683083,1018200
1478,1.17261667197,1018800
1479,0.849206300141,1019600
1480,-1.30528023241,2030701
1481,-1.1669447331,2030900
1482,-1.42266537801,5014608
1483,-0.561791949082,5023900
1484,-0.377977834024,5030302
1485,-0.886335093254,5007000
1486,-0.465717889274,5000700
1487,-0.625852159953,5008100
1488,-0.4833468198,3059800
1489,-0.582242231185,3062600
1490,0.0553470630593,3035000
1491,0.269148422594,3035400
1492,1.00303626685,3047800
1493,-0.998573994991,5011201
1494,-1.01712772197,5011401
1495,-1.44403684422,1000700
1496,-1.37964067232,1000900
1497,-0.985569046032,5003600
1498,-0.779137157512,5010500
1499,-0.842211159532,3016100
1500,-0.876457524912,3003500
1501,-0.829113318096,3017900
1502,-0.54515645186,4053800
1503,-0.621219920793,4058200
1504,-0.789281017466,5000800
1505,-0.304402335691,5004000
1506,-0.924854513147,3016300
1507,-0.821880089214,3020500
1508,-1.81378921583,1003900
1509,-1.6655689234,1003300
1510,-1.91602978914,1004700
1511,0.881323879388,3031702
1512,0.595547868501,3031900
1513,0.496792828115,3032100
1514,0.620917840217,3038900
1515,0.769896754638,2022000
1516,0.709857240615,3038700
1517,0.687748827648,3039500
1518,0.813391083746,3042400
1519,-1.11215054853,5027704
1520,0.279725781088,3024400
1521,0.240946262054,3046800
1522,0.552906773895,4053900
1523,1.16970862086,1017200
1524,1.19400258796,1018000
1525,0.0759072679025,3027500
1526,0.208681603354,3027700
1527,-0.659058129303,3012901
1528,-0.775885920182,3012902
1529,0.349042158751,3045300
1530,0.645579076676,3048500
1531,0.0850416965061,1021600
1532,-1.02988495754,5018702
1533,-1.30393019468,5018902
1534,-1.08244146536,1019900
1535,-0.00628194460736,4090700
1536,-1.55618285348,5024402
1537,0.577093226869,3030800
1538,0.483535005111,3038200
1539,-0.00638309421375,2007400
1540,-0.0562787483591,2008600
1541,0.380037286903,3118800
1542,-0.0577959924102,4074700
1543,0.525801088913,3042500
1544,-0.870047942804,2046201
1545,-0.511993832185,2046202
1546,1.72496575131,2022101
1547,1.68610572523,2038301
1548,1.11842938494,2038302
1549,0.620195342963,2014702
1550,0.795675453284,2016900
1551,-0.158429525606,2034800
1552,-0.423730482748,2035000
1553,-0.658451231825,2029500
1554,-0.461878332768,4077500
1555,0.245544440432,4009800
1556,0.401639951988,4011000
1557,-0.616864295019,4088400
1558,-0.953620221634,4070300
1559,-1.29593937615,4070700
1560,-0.930514762363,4070900
1561,0.732211302852,3048900
1562,0.444021635545,3049300
1563,-0.0637204690706,4080302
1564,-1.52442910308,1008200
1565,0.0224734421748,5022300
1566,0.0939284114917,2009600
1567,1.54235459379,2020100
1568,-0.0525320845453,4021900
1569,0.384372270039,2007800
1570,0.873098249219,2009200
1571,1.0335793183,2006300
1572,-1.16906887475,1008603
1573,-1.64656724843,1023801
1574,0.46508965254,3079801
1575,0.526906509688,3079802
1576,-1.0584726219,3005300
1577,-0.314210234594,3008500
1578,-0.54260964935,1019300
1579,-0.345031963352,1019500
1580,-0.502854243059,3005601
1581,-0.753271758885,3005602
1582,-0.476772095683,2013200
1583,0.787655734977,3035500
1584,0.66909395079,3088000
1585,1.33792402231,2023100
1586,1.27458510439,2039500
1587,0.572448602177,2042100
1588,1.20534579345,2041900
1589,0.870509645029,2042500
1590,-0.876818773605,1029900
1591,-0.793876099286,4099100
1592,-1.05475537403,4133300
1593,-1.12355155374,4134700
1594,-0.691895625215,4136700
1595,-0.397369657796,4040400
1596,-1.1711279918,4061601
1597,-1.20830047058,4062000
1598,-0.703437517363,4037600
1599,0.490752751909,3039100
1600,-0.297845673849,4001900
1601,0.460956969035,4008300
1602,0.30903026593,4008100
1603,0.143491716735,4008700
1604,0.389501999817,1002000
1605,-0.0121341718983,1002400
1606,-0.538328853876,4062600
1607,0.203332544015,4021400
1608,-0.573658964896,4060100
1609,-0.360811301276,4060300
1610,1.21983186139,1002700
1611,-0.947767994611,1016700
1612,-1.0373287426,1015900
1613,-1.0994056983,1016300
1614,-0.409748442292,4028800
1615,-1.15428658287,1012400
1616,-0.897135393506,1013200
1617,1.40896957632,2001900
1618,1.33839364527,2002300
1619,-0.399067526062,5020700
1620,-0.459586984578,5021300
1621,0.788826180167,3028000
1622,0.48721974058,3028200
1623,-0.266568771772,4014201
1624,0.0445096055341,4014202
1625,0.00809574861969,4045200
1626,0.439715552438,4045400
1627,-1.17461146017,4066501
1628,-0.320604334169,4066900
1629,0.944837400372,3030700
1630,1.16696055125,3034700
1631,1.06193010684,4085700
1632,-0.789324367389,4019900
1633,0.184529555262,4015100
1634,0.0614779674568,4016300
1635,-1.27570945573,4129103
1636,-1.37628106056,1011800
1637,-1.12791750082,1012600
1638,0.544333141032,4147900
1639,1.09437022954,1025500
1640,0.387623507234,1026500
1641,-1.55531585662,5015602
1642,-1.57381178397,5017011
1643,-1.25446803906,5014604
1644,-1.38039929394,5015601
1645,-0.665705102789,2034300
1646,1.41234122979,2039700
1647,1.38175551662,2039901
1648,1.01544378971,2033400
1649,1.09834396395,2033600
1650,-0.142674958743,4012301
1651,-0.528683516569,4013500
1652,0.905350522257,4042700
1653,-1.12073381456,4099703
1654,-1.00663706312,4099704
1655,-0.521205671008,4036600
1656,-1.69441462258,1007600
1657,-0.0564335689798,2009000
1658,-0.458836103681,2019400
1659,-0.547302268503,2045600
1660,-0.714112412793,2050400
1661,0.0,4107201
1662,-0.346765956451,4122701
1663,-0.141948849036,4122702
1664,-1.66780866477,5017010
1665,0.566549928844,4103202
1666,0.0124307315015,4026000
1667,0.0666180185611,4026200
1668,0.190771930562,4018700
1669,0.609719134015,3038600
1670,0.653054513818,3039800
1671,-1.40363480269,3002300
1672,-1.27627300353,3004700
1673,-1.33471941145,5005900
1674,0.661117582212,2015500
1675,0.595919438502,2016100
1676,0.108493954057,2002000
1677,0.499538317218,4083700
1678,1.20816353226,4079701
1679,0.750851729473,4084500
1680,1.35887643967,4085900
1681,-1.46720732814,1005000
1682,-1.53510399874,1005200
1683,-0.137126180463,2020000
1684,0.109100851606,2025600
1685,-0.0598009218975,3019100
1686,0.428242297485,3053900
1687,1.40417701188,2019700
1688,1.54560583096,2021900
1689,-0.910342641767,1013600
1690,-0.898906543823,1013800
1691,-0.695471986011,3004400
1692,0.216001531745,3021300
1693,0.317093334324,3032500
1694,-1.04162037562,4064500
1695,-0.501078964351,4030600
1696,1.18833821027,2020502
1697,0.971437337694,2024700
1698,1.45320566912,2021501
1699,1.31155287584,2021502
1700,-1.13373876378,4055200
1701,-0.667467996245,4130100
1702,-0.323855571901,4017900
1703,0.473326120208,4018300
1704,0.304716957823,3034000
1705,0.42854968727,3035200
1706,-1.24959118313,4063800
1707,0.37613580232,4025100
1708,0.668096904695,4025302
1709,0.391989454073,4023500
1710,0.69649104299,4025301
1711,-0.339018159855,4021600
1712,-0.234591047615,4079000
1713,-0.147220498033,4081400
1714,-0.578066197697,4000100
1715,-1.83015377674,4000700
1716,-0.630663990829,2014400
1717,1.59977763606,2003900
1718,-0.785391918702,5006700
1719,-1.09848090239,5007500
1720,0.929351878136,3028700
1721,0.974115737899,3028900
1722,1.26810189658,3039300
1723,-1.01056331907,4065400
1724,-0.800541135473,4068000
1725,-0.851627705633,1009900
1726,-0.917596513059,1011700
1727,-1.63670516176,1031703
1728,-1.70899100263,1031704
1729,0.806707984784,1000600
1730,-0.597501371155,2026601
1731,-0.408322714689,2028400
1732,-0.737769034233,2026400
1733,-0.972997595437,2026602
1734,0.834993748532,2018900
1735,1.04643254299,2019300
1736,0.356339379993,1000201
1737,-0.537071708754,1000202
1738,0.559072083358,4024500
1739,-1.13926586702,4099705
1740,0.440943797333,3118600
1741,-1.24937443415,4065600
1742,-1.04365781753,4066400
1743,0.606694967507,3024100
1744,0.310189873866,3123700
1745,-0.0555418011309,4010000
1746,-0.1383905505,4086400
1747,0.999159553533,2006900
1748,1.26052651383,2017300
1749,0.389945819388,3030600
1750,0.734081538264,3053500
1751,0.239150340745,3054700
1752,-0.107865045606,3033000
1753,0.429022594442,3032800
1754,0.306602675376,3033600
1755,1.12023562782,2021800
1756,0.721417195131,2024000
1757,0.859125153926,3030300
1758,0.404891189421,3036501
1759,1.11120441309,3079602
1760,1.01626828636,3082000
1761,0.972773957248,3082200
1762,-0.559931518886,1003400
1763,-1.69562480532,3000900
1764,-0.467506069512,3078200
1765,0.097974395648,3083000
1766,-1.34239594361,1006000
1767,0.61126527802,3031500
1768,0.066184520461,3019300
1769,-0.0406728097369,3023300
1770,-0.469185875651,4137700
1771,-0.507457582295,4138502
1772,-0.315380680141,1029700
1773,-1.41846044454,3000301
1774,0.912589943607,1023300
1775,0.973669853796,1023700
1776,-1.16206065245,5029104
1777,-0.397051759008,5023100
1778,-0.863756024632,2034500
1779,-1.42895110338,2032300
1780,-1.25836952362,4047600
1781,-0.806375300228,4128300
1782,-0.811216031529,4161700
1783,0.176076338457,4018101
1784,0.777121726182,4018102
1785,-0.161907833241,4115500
1786,0.61831685026,4116700
1787,-0.816038699735,3077600
1788,-0.667381296429,3078000
1789,0.0638002797602,3054600
1790,-0.423397617974,3054800
1791,0.705865443819,3082600
1792,0.767758163173,3082800
1793,0.664215124637,3080800
1794,0.822277798781,3087600
1795,1.23200593841,3022400
1796,1.19328009047,3023000
1797,0.981227173949,3048600
1798,1.10289569594,3048800
1799,0.941056331674,3022600
1800,1.33728822467,3022800
1801,0.527264145736,3049600
1802,0.365009346085,3049800
1803,-0.719140993352,3050000
1804,-0.653162552372,3004600
1805,-0.719964639666,3006400
1806,-0.421934560928,3013800
1807,-0.3605945522,3016200
1808,-0.446470564657,3016400
1809,-0.481974075025,3005000
1810,-0.624118166442,3006200
1811,-0.737347921429,3014800
1812,-0.553067795829,3016600
1813,0.39398148196,3040000
1814,0.915732806569,3041000
1815,1.10961491945,3023200
1816,0.612464623416,3023400
1817,1.09911462764,3011600
1818,0.849877190403,3021600
1819,0.926059355246,3021800
1820,1.41105879725,3010000
1821,1.36129164474,3010600
1822,1.29677780874,3009000
1823,1.23634092131,3009200
1824,-0.913015881024,3011700
1825,-0.116751760641,3018000
1826,-0.542967285756,5031901
1827,-0.743590297027,5032300
1828,-0.240371024761,3047700
1829,-0.140594166738,3049700
1830,-0.561582940821,4052800
1831,-0.523558947425,4039800
1832,-0.506514895595,4042400
1833,0.96959496996,1000800
1834,0.0590317986782,1002500
1835,0.734927891928,2004300
1836,1.00456383237,2004100
1837,1.03407784135,2005100
1838,-1.55385280002,5017005
1839,-1.6248923332,5017600
1840,-0.190609032861,5013302
1841,-1.05000134275,5014100
1842,0.880077571583,2036700
1843,-1.5101019845,5029103
1844,-1.37684460834,5027702
1845,-0.951813978599,5009602
1846,-1.14986490031,5012200
1847,-1.07939384093,5018100
1848,-1.20630637858,5027706
1849,-1.20093099942,5017300
1850,-0.876414175033,5017700
1851,1.0871452577,3051002
1852,1.14487278085,3079400
1853,-1.51682740092,1003700
1854,-1.41990956765,1004900
1855,-1.1481680641,5015100
1856,-1.24756303063,5018701
1857,1.05419938741,3049000
1858,0.522929162653,3049200
1859,0.434609905554,4055700
1860,0.0252189312781,4056700
1861,-1.30813512838,5027301
1862,-1.19648764213,5027705
1863,0.204965903472,3029500
1864,0.111701841463,3038300
1865,-0.0827943941444,4094202
1866,-0.240732273547,4094203
1867,-0.115104467,1002800
1868,-0.416786768747,1004400
1869,-1.19902360705,3007700
1870,-0.874073284129,3011900
1871,1.10932592051,2013500
1872,0.974115737644,2015100
1873,-0.091066986676,3039200
1874,0.00137652504769,3058400
1875,-1.23577342504,1008400
1876,-1.40785418645,1009700
1877,-1.31653054534,1010300
1878,-1.07669038784,4061000
1879,-1.10850916305,4061200
1880,0.0368993023192,3054300
1881,-1.0693333024,2033700
1882,-0.521465770145,4052100
1883,0.890264781651,2025500
1884,1.01424529445,2025700
1885,0.84908244358,2026100
1886,0.715441111567,2026300
1887,0.774683298293,2026900
1888,0.270962446258,4044400
1889,0.326543597268,4046800
1890,1.36424098127,2012901
1891,1.53583044418,2015900
1892,-0.00606519566383,2000200
1893,0.00731545166248,2000400
1894,0.404486591026,3000200
1895,-0.530309135136,3014000
1896,-0.314488911935,3014200
1897,-1.3849510265,4093401
1898,-0.151431624412,4093402
1899,-0.629796994459,4093800
1900,0.214657687013,3031400
1901,0.175426091067,3034800
1902,0.073739776337,1001800
1903,-0.371359760043,1004100
1904,1.00765612011,1024100
1905,0.513338012955,1024700
1906,-0.824004230949,4051700
1907,-0.634191090669,4060701
1908,-0.398525653196,4111300
1909,-1.05328147975,4112300
1910,0.137856238686,1016800
1911,-0.768082950759,4035800
1912,-0.739775511983,4064600
1913,0.269247508008,4047500
1914,0.549101622561,4047900
1915,0.193199521129,4056100
1916,-0.0965940898806,4056500
1917,-0.112478706078,3077200
1918,0.207938463252,3077000
1919,-0.458781916221,3078600
1920,0.0972725412302,3078800
1921,-0.567300989974,3020300
1922,-0.750598519479,3019900
1923,-0.493100531504,3020100
1924,0.54148443816,3050600
1925,0.966054734034,2043100
1926,0.313849978849,2043500
1927,-0.767085904635,5009601
1928,-0.166459565081,2011000
1929,-0.755872748891,4097300
1930,-0.882093002719,4098100
1931,-0.166804140768,3001800
1932,-0.816996008377,3014300
1933,0.207690749847,4081800
1934,-0.373382751985,4084602
1935,0.565388772799,4079702
1936,0.256663671905,4080301
1937,-0.352921632472,4080900
1938,-1.14385372389,1014200
1939,-0.638828208752,1014300
1940,1.06615671534,3036100
1941,1.01201587454,3090000
1942,0.872708100495,3031100
1943,0.558700513165,3031300
1944,-1.45709236792,5022800
1945,-1.03160656512,4075701
1946,1.30078766814,2006200
1947,-1.59633563301,1001300
1948,-1.62973306413,1002100
1949,-1.02045120872,5012805
1950,-1.14969150086,5012806
1951,-0.229244568579,3096200
1952,-0.753517407946,4077300
1953,-0.462064117705,4013400
1954,0.126115659852,4024300
1955,-0.0668994562101,4051500
1956,-0.0041289031134,4014100
1957,-0.813556922088,4071100
1958,-0.502781993287,4071305
1959,0.712313730928,4038100
1960,0.131295964437,4038302
1961,-0.10759410924,4017800
1962,0.0149233468051,4084000
1963,0.13915673354,3061002
1964,-0.213367693293,3061004
1965,-0.0335682541563,3060800
1966,0.694236851979,3061003
1967,0.313216620907,2038000
1968,-0.578355196383,1012900
1969,-0.894757345628,1013500
1970,0.437172362428,3029200
1971,0.362588980546,3029400
1972,-1.04282797816,5002002
1973,-0.889733410248,5005000
1974,-1.31515780062,5027302
1975,-1.33014961676,5027900
1976,-1.73305015821,5020801
1977,-1.68644909129,5020803
1978,-0.0324796919472,3044900
1979,-0.0297631025737,3058900
1980,0.231966654487,4058100
1981,-0.0051259494093,4057700
1982,-1.51500051519,4091800
1983,-1.68016336629,4092200
1984,0.253672533531,4057900
1985,-0.373067480607,4061301
1986,-1.24151727767,3069800
1987,-1.01886171537,3070201
1988,-1.35430269675,5014606
1989,-1.20952871582,5013204
1990,-0.225776582161,4053500
1991,0.365979556437,4059500
1992,0.222070507771,4101001
1993,0.712530479872,4101002
1994,-0.64605318021,3062200
1995,-0.135392187232,4004002
1996,-0.333392534169,4005400
1997,-0.225487583188,4008600
1998,0.296480490289,4004200
1999,0.385672764654,4003600
2000,0.304987894524,4002200
2001,-0.264141181219,4003000
2002,-1.37145839186,3000100
2003,-0.696266732756,3002100
2004,0.735691674892,2037800
2005,1.11994662903,1019400
2006,-0.120219747018,3055500
2007,-0.897337692779,3055700
2008,-0.587422535662,4063700
2009,-0.50906771854,4063900
2010,-1.67288678755,5019800
2011,-1.53024520543,5022600
2012,0.794750656857,1024302
2013,-0.611416666481,4006202
2014,0.514638507883,3120200
2015,0.362697354869,3120800
2016,0.514614424651,2028300
2017,0.267110980631,1030900
2018,-0.680082796628,4162100
2019,0.560914451093,4099801
2020,0.221665909167,4100802
2021,0.80677300987,1019200
2022,0.713903224573,1024200
2023,-0.41225309922,4018401
2024,-0.544800364001,4018402
2025,-0.626714339603,4064102
2026,-0.62246364807,2029600
2027,0.75173111171,4023600
2028,0.601338167161,4023800
2029,-0.870605297826,4042600
2030,-0.569107232711,4043200
2031,-0.541869089876,4095400
2032,0.495781331977,4096400
2033,-1.14742492414,5013400
2034,-1.38357828165,5013800
2035,-1.61292778046,1006700
2036,-1.58084890657,1007300
2037,1.72019726971,2025100
2038,1.23446242887,2006000
2039,1.09456633603,2035900
2040,0.768018262084,2036100
2041,0.0206277903086,4029700
2042,0.448096519441,4099200
2043,0.440813748079,4010800
2044,0.294823907331,4011800
2045,0.17441459504,2024800
2046,0.535446426146,2037400
2047,0.675509725722,2037600
2048,0.185458480149,4027600
2049,-0.503085442151,4027800
2050,0.307372134991,4003400
2051,0.0330941504483,4026400
2052,0.327831706417,2032400
2053,-0.212059457507,2032600
2054,-0.0301966009082,4097202
2055,0.194283266936,4097204
2056,-0.0179141490868,4018200
2057,-0.122944593521,4018600
2058,-0.926165329557,2027401
2059,-0.725028688058,2027600
2060,1.0137498678,3011800
2061,0.950335259757,3012200
2062,-0.503556097733,2029302
2063,-1.2191379282,2029700
